period,year,month,index_value,is_provisional,series_id,series_name,source,source_url,data_retrieved_at
2026-05-01,2026,5,593.6,True,40010,מחירי דירות,CBS (Israeli Central Bureau of Statistics),https://api.cbs.gov.il/index/data/price?id=40010&format=json&download=false,2026-08-22 12:48:53.727585+00:00
2026-04-01,2026,4,593.0,True,40010,מחירי דירות,CBS (Israeli Central Bureau of Statistics),https://api.cbs.gov.il/index/data/price?id=40010&format=json&download=false,2026-08-22 12:48:53.727585+00:00
2026-03-01,2026,3,599.6,True,40010,מחירי דירות,CBS (Israeli Central Bureau of Statistics),https://api.cbs.gov.il/index/data/price?id=40010&format=json&download=false,2026-08-22 12:48:53.727585+00:00
2026-02-01,2026,2,602.0,False,40010,מחירי דירות,CBS (Israeli Central Bureau of Statistics),https://api.cbs.gov.il/index/data/price?id=40010&format=json&download=false,2026-08-22 12:48:53.727585+00:00
2026-01-01,2026,1,599.6,False,40010,מחירי דירות,CBS (Israeli Central Bureau of Statistics),https://api.cbs.gov.il/index/data/price?id=40010&format=json&download=false,2026-08-22 12:48:53.727585+00:00
2025-12-01,2025,12,600.2,False,40010,מחירי דירות,CBS (Israeli Central Bureau of Statistics),https://api.cbs.gov.il/index/data/price?id=40010&format=json&download=false,2026-08-22 12:48:53.727585+00:00
2025-11-01,2025,11,600.8,False,40010,מחירי דירות,CBS (Israeli Central Bureau of Statistics),https://api.cbs.gov.il/index/data/price?id=40010&format=json&download=false,2026-08-22 12:48:53.727585+00:00
2025-10-01,2025,10,596.0,False,40010,מחירי דירות,CBS (Israeli Central Bureau of Statistics),https://api.cbs.gov.il/index/data/price?id=40010&format=json&download=false,2026-08-22 12:48:53.727585+00:00
2025-09-01,2025,9,593.0,False,40010,מחירי דירות,CBS (Israeli Central Bureau of Statistics),https://api.cbs.gov.il/index/data/price?id=40010&format=json&download=false,2026-08-22 12:48:53.727585+00:00
2025-08-01,2025,8,597.2,False,40010,מחירי דירות,CBS (Israeli Central Bureau of Statistics),https://api.cbs.gov.il/index/data/price?id=40010&format=json&download=false,2026-08-22 12:48:53.727585+00:00
2025-07-01,2025,7,600.8,False,40010,מחירי דירות,CBS (Israeli Central Bureau of Statistics),https://api.cbs.gov.il/index/data/price?id=40010&format=json&download=false,2026-08-22 12:48:53.727585+00:00
2025-06-01,2025,6,602.0,False,40010,מחירי דירות,CBS (Israeli Central Bureau of Statistics),https://api.cbs.gov.il/index/data/price?id=40010&format=json&download=false,2026-08-22 12:48:53.727585+00:00
2025-05-01,2025,5,602.6,False,40010,מחירי דירות,CBS (Israeli Central Bureau of Statistics),https://api.cbs.gov.il/index/data/price?id=40010&format=json&download=false,2026-08-22 12:48:53.727585+00:00
2025-04-01,2025,4,605.0,False,40010,מחירי דירות,CBS (Israeli Central Bureau of Statistics),https://api.cbs.gov.il/index/data/price?id=40010&format=json&download=false,2026-08-22 12:48:53.727585+00:00
2025-03-01,2025,3,607.4,False,40010,מחירי דירות,CBS (Israeli Central Bureau of Statistics),https://api.cbs.gov.il/index/data/price?id=40010&format=json&download=false,2026-08-22 12:48:53.727585+00:00
2025-02-01,2025,2,608.6,False,40010,מחירי דירות,CBS (Israeli Central Bureau of Statistics),https://api.cbs.gov.il/index/data/price?id=40010&format=json&download=false,2026-08-22 12:48:53.727585+00:00
2025-01-01,2025,1,609.8,False,40010,מחירי דירות,CBS (Israeli Central Bureau of Statistics),https://api.cbs.gov.il/index/data/price?id=40010&format=json&download=false,2026-08-22 12:48:53.727585+00:00
2024-12-01,2024,12,606.2,False,40010,מחירי דירות,CBS (Israeli Central Bureau of Statistics),https://api.cbs.gov.il/index/data/price?id=40010&format=json&download=false,2026-08-22 12:48:53.727585+00:00
2024-11-01,2024,11,599.0,False,40010,מחירי דירות,CBS (Israeli Central Bureau of Statistics),https://api.cbs.gov.il/index/data/price?id=40010&format=json&download=false,2026-08-22 12:48:53.727585+00:00
2024-10-01,2024,10,596.6,False,40010,מחירי דירות,CBS (Israeli Central Bureau of Statistics),https://api.cbs.gov.il/index/data/price?id=40010&format=json&download=false,2026-08-22 12:48:53.727585+00:00
2024-09-01,2024,9,593.6,False,40010,מחירי דירות,CBS (Israeli Central Bureau of Statistics),https://api.cbs.gov.il/index/data/price?id=40010&format=json&download=false,2026-08-22 12:48:53.727585+00:00
2024-08-01,2024,8,592.4,False,40010,מחירי דירות,CBS (Israeli Central Bureau of Statistics),https://api.cbs.gov.il/index/data/price?id=40010&format=json&download=false,2026-08-22 12:48:53.727585+00:00
2024-07-01,2024,7,593.0,False,40010,מחירי דירות,CBS (Israeli Central Bureau of Statistics),https://api.cbs.gov.il/index/data/price?id=40010&format=json&download=false,2026-08-22 12:48:53.727585+00:00
2024-06-01,2024,6,591.8,False,40010,מחירי דירות,CBS (Israeli Central Bureau of Statistics),https://api.cbs.gov.il/index/data/price?id=40010&format=json&download=false,2026-08-22 12:48:53.727585+00:00
2024-05-01,2024,5,587.1,False,40010,מחירי דירות,CBS (Israeli Central Bureau of Statistics),https://api.cbs.gov.il/index/data/price?id=40010&format=json&download=false,2026-08-22 12:48:53.727585+00:00
2024-04-01,2024,4,583.6,False,40010,מחירי דירות,CBS (Israeli Central Bureau of Statistics),https://api.cbs.gov.il/index/data/price?id=40010&format=json&download=false,2026-08-22 12:48:53.727585+00:00
2024-03-01,2024,3,579.5,False,40010,מחירי דירות,CBS (Israeli Central Bureau of Statistics),https://api.cbs.gov.il/index/data/price?id=40010&format=json&download=false,2026-08-22 12:48:53.727585+00:00
2024-02-01,2024,2,574.9,False,40010,מחירי דירות,CBS (Israeli Central Bureau of Statistics),https://api.cbs.gov.il/index/data/price?id=40010&format=json&download=false,2026-08-22 12:48:53.727585+00:00
2024-01-01,2024,1,569.2,False,40010,מחירי דירות,CBS (Israeli Central Bureau of Statistics),https://api.cbs.gov.il/index/data/price?id=40010&format=json&download=false,2026-08-22 12:48:53.727585+00:00
2023-12-01,2023,12,563.0,False,40010,מחירי דירות,CBS (Israeli Central Bureau of Statistics),https://api.cbs.gov.il/index/data/price?id=40010&format=json&download=false,2026-08-22 12:48:53.727585+00:00
2023-11-01,2023,11,558.0,False,40010,מחירי דירות,CBS (Israeli Central Bureau of Statistics),https://api.cbs.gov.il/index/data/price?id=40010&format=json&download=false,2026-08-22 12:48:53.727585+00:00
2023-10-01,2023,10,554.7,False,40010,מחירי דירות,CBS (Israeli Central Bureau of Statistics),https://api.cbs.gov.il/index/data/price?id=40010&format=json&download=false,2026-08-22 12:48:53.727585+00:00
2023-09-01,2023,9,557.5,False,40010,מחירי דירות,CBS (Israeli Central Bureau of Statistics),https://api.cbs.gov.il/index/data/price?id=40010&format=json&download=false,2026-08-22 12:48:53.727585+00:00
2023-08-01,2023,8,558.6,False,40010,מחירי דירות,CBS (Israeli Central Bureau of Statistics),https://api.cbs.gov.il/index/data/price?id=40010&format=json&download=false,2026-08-22 12:48:53.727585+00:00
2023-07-01,2023,7,559.2,False,40010,מחירי דירות,CBS (Israeli Central Bureau of Statistics),https://api.cbs.gov.il/index/data/price?id=40010&format=json&download=false,2026-08-22 12:48:53.727585+00:00
2023-06-01,2023,6,560.3,False,40010,מחירי דירות,CBS (Israeli Central Bureau of Statistics),https://api.cbs.gov.il/index/data/price?id=40010&format=json&download=false,2026-08-22 12:48:53.727585+00:00
2023-05-01,2023,5,561.4,False,40010,מחירי דירות,CBS (Israeli Central Bureau of Statistics),https://api.cbs.gov.il/index/data/price?id=40010&format=json&download=false,2026-08-22 12:48:53.727585+00:00
2023-04-01,2023,4,564.8,False,40010,מחירי דירות,CBS (Israeli Central Bureau of Statistics),https://api.cbs.gov.il/index/data/price?id=40010&format=json&download=false,2026-08-22 12:48:53.727585+00:00
2023-03-01,2023,3,567.6,False,40010,מחירי דירות,CBS (Israeli Central Bureau of Statistics),https://api.cbs.gov.il/index/data/price?id=40010&format=json&download=false,2026-08-22 12:48:53.727585+00:00
2023-02-01,2023,2,568.7,False,40010,מחירי דירות,CBS (Israeli Central Bureau of Statistics),https://api.cbs.gov.il/index/data/price?id=40010&format=json&download=false,2026-08-22 12:48:53.727585+00:00
2023-01-01,2023,1,568.7,False,40010,מחירי דירות,CBS (Israeli Central Bureau of Statistics),https://api.cbs.gov.il/index/data/price?id=40010&format=json&download=false,2026-08-22 12:48:53.727585+00:00
2022-12-01,2022,12,568.7,False,40010,מחירי דירות,CBS (Israeli Central Bureau of Statistics),https://api.cbs.gov.il/index/data/price?id=40010&format=json&download=false,2026-08-22 12:48:53.727585+00:00
2022-11-01,2022,11,567.6,False,40010,מחירי דירות,CBS (Israeli Central Bureau of Statistics),https://api.cbs.gov.il/index/data/price?id=40010&format=json&download=false,2026-08-22 12:48:53.727585+00:00
2022-10-01,2022,10,567.0,False,40010,מחירי דירות,CBS (Israeli Central Bureau of Statistics),https://api.cbs.gov.il/index/data/price?id=40010&format=json&download=false,2026-08-22 12:48:53.727585+00:00
2022-09-01,2022,9,565.3,False,40010,מחירי דירות,CBS (Israeli Central Bureau of Statistics),https://api.cbs.gov.il/index/data/price?id=40010&format=json&download=false,2026-08-22 12:48:53.727585+00:00
2022-08-01,2022,8,559.7,False,40010,מחירי דירות,CBS (Israeli Central Bureau of Statistics),https://api.cbs.gov.il/index/data/price?id=40010&format=json&download=false,2026-08-22 12:48:53.727585+00:00
2022-07-01,2022,7,553.6,False,40010,מחירי דירות,CBS (Israeli Central Bureau of Statistics),https://api.cbs.gov.il/index/data/price?id=40010&format=json&download=false,2026-08-22 12:48:53.727585+00:00
2022-06-01,2022,6,543.8,False,40010,מחירי דירות,CBS (Israeli Central Bureau of Statistics),https://api.cbs.gov.il/index/data/price?id=40010&format=json&download=false,2026-08-22 12:48:53.727585+00:00
2022-05-01,2022,5,536.3,False,40010,מחירי דירות,CBS (Israeli Central Bureau of Statistics),https://api.cbs.gov.il/index/data/price?id=40010&format=json&download=false,2026-08-22 12:48:53.727585+00:00
2022-04-01,2022,4,525.3,False,40010,מחירי דירות,CBS (Israeli Central Bureau of Statistics),https://api.cbs.gov.il/index/data/price?id=40010&format=json&download=false,2026-08-22 12:48:53.727585+00:00
2022-03-01,2022,3,517.0,False,40010,מחירי דירות,CBS (Israeli Central Bureau of Statistics),https://api.cbs.gov.il/index/data/price?id=40010&format=json&download=false,2026-08-22 12:48:53.727585+00:00
2022-02-01,2022,2,511.9,False,40010,מחירי דירות,CBS (Israeli Central Bureau of Statistics),https://api.cbs.gov.il/index/data/price?id=40010&format=json&download=false,2026-08-22 12:48:53.727585+00:00
2022-01-01,2022,1,503.8,False,40010,מחירי דירות,CBS (Israeli Central Bureau of Statistics),https://api.cbs.gov.il/index/data/price?id=40010&format=json&download=false,2026-08-22 12:48:53.727585+00:00
2021-12-01,2021,12,495.9,False,40010,מחירי דירות,CBS (Israeli Central Bureau of Statistics),https://api.cbs.gov.il/index/data/price?id=40010&format=json&download=false,2026-08-22 12:48:53.727585+00:00
2021-11-01,2021,11,485.7,False,40010,מחירי דירות,CBS (Israeli Central Bureau of Statistics),https://api.cbs.gov.il/index/data/price?id=40010&format=json&download=false,2026-08-22 12:48:53.727585+00:00
2021-10-01,2021,10,477.6,False,40010,מחירי דירות,CBS (Israeli Central Bureau of Statistics),https://api.cbs.gov.il/index/data/price?id=40010&format=json&download=false,2026-08-22 12:48:53.727585+00:00
2021-09-01,2021,9,471.0,False,40010,מחירי דירות,CBS (Israeli Central Bureau of Statistics),https://api.cbs.gov.il/index/data/price?id=40010&format=json&download=false,2026-08-22 12:48:53.727585+00:00
2021-08-01,2021,8,467.3,False,40010,מחירי דירות,CBS (Israeli Central Bureau of Statistics),https://api.cbs.gov.il/index/data/price?id=40010&format=json&download=false,2026-08-22 12:48:53.727585+00:00
2021-07-01,2021,7,465.4,False,40010,מחירי דירות,CBS (Israeli Central Bureau of Statistics),https://api.cbs.gov.il/index/data/price?id=40010&format=json&download=false,2026-08-22 12:48:53.727585+00:00
2021-06-01,2021,6,459.9,False,40010,מחירי דירות,CBS (Israeli Central Bureau of Statistics),https://api.cbs.gov.il/index/data/price?id=40010&format=json&download=false,2026-08-22 12:48:53.727585+00:00
2021-05-01,2021,5,454.4,False,40010,מחירי דירות,CBS (Israeli Central Bureau of Statistics),https://api.cbs.gov.il/index/data/price?id=40010&format=json&download=false,2026-08-22 12:48:53.727585+00:00
2021-04-01,2021,4,452.1,False,40010,מחירי דירות,CBS (Israeli Central Bureau of Statistics),https://api.cbs.gov.il/index/data/price?id=40010&format=json&download=false,2026-08-22 12:48:53.727585+00:00
2021-03-01,2021,3,448.5,False,40010,מחירי דירות,CBS (Israeli Central Bureau of Statistics),https://api.cbs.gov.il/index/data/price?id=40010&format=json&download=false,2026-08-22 12:48:53.727585+00:00
2021-02-01,2021,2,442.7,False,40010,מחירי דירות,CBS (Israeli Central Bureau of Statistics),https://api.cbs.gov.il/index/data/price?id=40010&format=json&download=false,2026-08-22 12:48:53.727585+00:00
2021-01-01,2021,1,439.2,False,40010,מחירי דירות,CBS (Israeli Central Bureau of Statistics),https://api.cbs.gov.il/index/data/price?id=40010&format=json&download=false,2026-08-22 12:48:53.727585+00:00
2020-12-01,2020,12,438.3,False,40010,מחירי דירות,CBS (Israeli Central Bureau of Statistics),https://api.cbs.gov.il/index/data/price?id=40010&format=json&download=false,2026-08-22 12:48:53.727585+00:00
2020-11-01,2020,11,435.7,False,40010,מחירי דירות,CBS (Israeli Central Bureau of Statistics),https://api.cbs.gov.il/index/data/price?id=40010&format=json&download=false,2026-08-22 12:48:53.727585+00:00
2020-10-01,2020,10,431.8,False,40010,מחירי דירות,CBS (Israeli Central Bureau of Statistics),https://api.cbs.gov.il/index/data/price?id=40010&format=json&download=false,2026-08-22 12:48:53.727585+00:00
2020-09-01,2020,9,427.9,False,40010,מחירי דירות,CBS (Israeli Central Bureau of Statistics),https://api.cbs.gov.il/index/data/price?id=40010&format=json&download=false,2026-08-22 12:48:53.727585+00:00
2020-08-01,2020,8,426.6,False,40010,מחירי דירות,CBS (Israeli Central Bureau of Statistics),https://api.cbs.gov.il/index/data/price?id=40010&format=json&download=false,2026-08-22 12:48:53.727585+00:00
2020-07-01,2020,7,426.2,False,40010,מחירי דירות,CBS (Israeli Central Bureau of Statistics),https://api.cbs.gov.il/index/data/price?id=40010&format=json&download=false,2026-08-22 12:48:53.727585+00:00
2020-06-01,2020,6,426.2,False,40010,מחירי דירות,CBS (Israeli Central Bureau of Statistics),https://api.cbs.gov.il/index/data/price?id=40010&format=json&download=false,2026-08-22 12:48:53.727585+00:00
2020-05-01,2020,5,422.0,False,40010,מחירי דירות,CBS (Israeli Central Bureau of Statistics),https://api.cbs.gov.il/index/data/price?id=40010&format=json&download=false,2026-08-22 12:48:53.727585+00:00
2020-04-01,2020,4,420.7,False,40010,מחירי דירות,CBS (Israeli Central Bureau of Statistics),https://api.cbs.gov.il/index/data/price?id=40010&format=json&download=false,2026-08-22 12:48:53.727585+00:00
2020-03-01,2020,3,423.7,False,40010,מחירי דירות,CBS (Israeli Central Bureau of Statistics),https://api.cbs.gov.il/index/data/price?id=40010&format=json&download=false,2026-08-22 12:48:53.727585+00:00
2020-02-01,2020,2,424.1,False,40010,מחירי דירות,CBS (Israeli Central Bureau of Statistics),https://api.cbs.gov.il/index/data/price?id=40010&format=json&download=false,2026-08-22 12:48:53.727585+00:00
2020-01-01,2020,1,423.7,False,40010,מחירי דירות,CBS (Israeli Central Bureau of Statistics),https://api.cbs.gov.il/index/data/price?id=40010&format=json&download=false,2026-08-22 12:48:53.727585+00:00
2019-12-01,2019,12,421.6,False,40010,מחירי דירות,CBS (Israeli Central Bureau of Statistics),https://api.cbs.gov.il/index/data/price?id=40010&format=json&download=false,2026-08-22 12:48:53.727585+00:00
2019-11-01,2019,11,419.1,False,40010,מחירי דירות,CBS (Israeli Central Bureau of Statistics),https://api.cbs.gov.il/index/data/price?id=40010&format=json&download=false,2026-08-22 12:48:53.727585+00:00
2019-10-01,2019,10,418.7,False,40010,מחירי דירות,CBS (Israeli Central Bureau of Statistics),https://api.cbs.gov.il/index/data/price?id=40010&format=json&download=false,2026-08-22 12:48:53.727585+00:00
2019-09-01,2019,9,416.6,False,40010,מחירי דירות,CBS (Israeli Central Bureau of Statistics),https://api.cbs.gov.il/index/data/price?id=40010&format=json&download=false,2026-08-22 12:48:53.727585+00:00
2019-08-01,2019,8,414.5,False,40010,מחירי דירות,CBS (Israeli Central Bureau of Statistics),https://api.cbs.gov.il/index/data/price?id=40010&format=json&download=false,2026-08-22 12:48:53.727585+00:00
2019-07-01,2019,7,414.9,False,40010,מחירי דירות,CBS (Israeli Central Bureau of Statistics),https://api.cbs.gov.il/index/data/price?id=40010&format=json&download=false,2026-08-22 12:48:53.727585+00:00
2019-06-01,2019,6,413.7,False,40010,מחירי דירות,CBS (Israeli Central Bureau of Statistics),https://api.cbs.gov.il/index/data/price?id=40010&format=json&download=false,2026-08-22 12:48:53.727585+00:00
2019-05-01,2019,5,414.1,False,40010,מחירי דירות,CBS (Israeli Central Bureau of Statistics),https://api.cbs.gov.il/index/data/price?id=40010&format=json&download=false,2026-08-22 12:48:53.727585+00:00
2019-04-01,2019,4,412.9,False,40010,מחירי דירות,CBS (Israeli Central Bureau of Statistics),https://api.cbs.gov.il/index/data/price?id=40010&format=json&download=false,2026-08-22 12:48:53.727585+00:00
2019-03-01,2019,3,410.8,False,40010,מחירי דירות,CBS (Israeli Central Bureau of Statistics),https://api.cbs.gov.il/index/data/price?id=40010&format=json&download=false,2026-08-22 12:48:53.727585+00:00
2019-02-01,2019,2,409.6,False,40010,מחירי דירות,CBS (Israeli Central Bureau of Statistics),https://api.cbs.gov.il/index/data/price?id=40010&format=json&download=false,2026-08-22 12:48:53.727585+00:00
2019-01-01,2019,1,408.3,False,40010,מחירי דירות,CBS (Israeli Central Bureau of Statistics),https://api.cbs.gov.il/index/data/price?id=40010&format=json&download=false,2026-08-22 12:48:53.727585+00:00
2018-12-01,2018,12,404.7,False,40010,מחירי דירות,CBS (Israeli Central Bureau of Statistics),https://api.cbs.gov.il/index/data/price?id=40010&format=json&download=false,2026-08-22 12:48:53.727585+00:00
2018-11-01,2018,11,405.5,False,40010,מחירי דירות,CBS (Israeli Central Bureau of Statistics),https://api.cbs.gov.il/index/data/price?id=40010&format=json&download=false,2026-08-22 12:48:53.727585+00:00
2018-10-01,2018,10,405.8,False,40010,מחירי דירות,CBS (Israeli Central Bureau of Statistics),https://api.cbs.gov.il/index/data/price?id=40010&format=json&download=false,2026-08-22 12:48:53.727585+00:00
2018-09-01,2018,9,406.6,False,40010,מחירי דירות,CBS (Israeli Central Bureau of Statistics),https://api.cbs.gov.il/index/data/price?id=40010&format=json&download=false,2026-08-22 12:48:53.727585+00:00
2018-08-01,2018,8,407.4,False,40010,מחירי דירות,CBS (Israeli Central Bureau of Statistics),https://api.cbs.gov.il/index/data/price?id=40010&format=json&download=false,2026-08-22 12:48:53.727585+00:00
2018-07-01,2018,7,408.1,False,40010,מחירי דירות,CBS (Israeli Central Bureau of Statistics),https://api.cbs.gov.il/index/data/price?id=40010&format=json&download=false,2026-08-22 12:48:53.727585+00:00
2018-06-01,2018,6,410.5,False,40010,מחירי דירות,CBS (Israeli Central Bureau of Statistics),https://api.cbs.gov.il/index/data/price?id=40010&format=json&download=false,2026-08-22 12:48:53.727585+00:00
2018-05-01,2018,5,409.2,False,40010,מחירי דירות,CBS (Israeli Central Bureau of Statistics),https://api.cbs.gov.il/index/data/price?id=40010&format=json&download=false,2026-08-22 12:48:53.727585+00:00
2018-04-01,2018,4,406.2,False,40010,מחירי דירות,CBS (Israeli Central Bureau of Statistics),https://api.cbs.gov.il/index/data/price?id=40010&format=json&download=false,2026-08-22 12:48:53.727585+00:00
2018-03-01,2018,3,406.5,False,40010,מחירי דירות,CBS (Israeli Central Bureau of Statistics),https://api.cbs.gov.il/index/data/price?id=40010&format=json&download=false,2026-08-22 12:48:53.727585+00:00
2018-02-01,2018,2,405.9,False,40010,מחירי דירות,CBS (Israeli Central Bureau of Statistics),https://api.cbs.gov.il/index/data/price?id=40010&format=json&download=false,2026-08-22 12:48:53.727585+00:00
